Symbol ,Security,SEC filings,GICS Sector,GICS Sub-Industry,Headquarters Location,Date first added,CIK,Founded 
MMM ,3M Company,reports,Industrials,Industrial Conglomerates,"St. Paul, Minnesota",27981,66740,1902
ABT ,Abbott Laboratories,reports,Health Care,Health Care Equipment,"North Chicago, Illinois",23467,1800,1888
ABBV ,AbbVie Inc.,reports,Health Care,Pharmaceuticals,"North Chicago, Illinois",41274,1551152,2013 (1888) 
ABMD ,Abiomed,reports,Health Care,Health Care Equipment,"Danvers, Massachusetts",43251,815094,1981
ACN ,Accenture,reports,Information Technology,IT Consulting & Other Services,"Dublin, Ireland",40730,1467373,1989
ATVI ,Activision Blizzard,reports,Communication Services,Interactive Home Entertainment,"Santa Monica, California",42247,718877,2008
ADBE ,Adobe Inc.,reports,Information Technology,Application Software,"San Jose, California",35555,796343,1982
AMD ,Advanced Micro Devices,reports,Information Technology,Semiconductors,"Santa Clara, California",42814,2488,1969
AAP ,Advance Auto Parts,reports,Consumer Discretionary,Automotive Retail,"Raleigh, North Carolina",42194,1158449,1932
AES ,AES Corp,reports,Utilities,Independent Power Producers & Energy Traders,"Arlington, Virginia",36070,874761,1981
AFL ,Aflac,reports,Financials,Life & Health Insurance,"Columbus, Georgia",36308,4977,1955
A ,Agilent Technologies,reports,Health Care,Health Care Equipment,"Santa Clara, California",36682,1090872,1999
APD ,Air Products & Chemicals,reports,Materials,Industrial Gases,"Allentown, Pennsylvania",31167,2969,1940
AKAM ,Akamai Technologies,reports,Information Technology,Internet Services & Infrastructure,"Cambridge, Massachusetts",39275,1086222,1998
ALK ,Alaska Air Group,reports,Industrials,Airlines,"Seattle, Washington",42503,766421,1985
ALB ,Albemarle Corporation,reports,Materials,Specialty Chemicals,"Charlotte, North Carolina",42552,915913,1994
ARE ,Alexandria Real Estate Equities,reports,Real Estate,Office REITs,"Pasadena, California",42814,1035443,1994
ALXN ,Alexion Pharmaceuticals,reports,Health Care,Pharmaceuticals,"Boston, Massachusetts",41054,899866,1992
ALGN ,Align Technology,reports,Health Care,Health Care Supplies,"San Jose, California",42905,1097149,1997
ALLE ,Allegion,reports,Industrials,Building Products,"Dublin, Ireland",41610,1579241,1908
LNT ,Alliant Energy,reports,Utilities,Electric Utilities,"Madison, Wisconsin",42552,352541,1917
ALL ,Allstate Corp,reports,Financials,Property & Casualty Insurance,"Northfield Township, Illinois",34893,899051,1931
GOOGL ,Alphabet Inc. (Class A),reports,Communication Services,Interactive Media & Services,"Mountain View, California",41732,1652044,1998
GOOG ,Alphabet Inc. (Class C),reports,Communication Services,Interactive Media & Services,"Mountain View, California",38810,1652044,1998
MO ,Altria Group Inc,reports,Consumer Staples,Tobacco,"Richmond, Virginia",20883,764180,1985
AMZN ,Amazon.com Inc.,reports,Consumer Discretionary,Internet & Direct Marketing Retail,"Seattle, Washington",38674,1018724,1994
AMCR ,Amcor,reports,Materials,Paper Packaging,"Zurich, Switzerland",43623,1748790,2019 (1860) 
AEE ,Ameren Corp,reports,Utilities,Multi-Utilities,"St. Louis, Missouri",33500,1002910,1902
AAL ,American Airlines Group,reports,Industrials,Airlines,"Fort Worth, Texas",42086,6201,1934
AEP ,American Electric Power,reports,Utilities,Electric Utilities,"Columbus, Ohio",20883,4904,1906
AXP ,American Express,reports,Financials,Consumer Finance,"New York, New York",27941,4962,1850
AIG ,American International Group,reports,Financials,Property & Casualty Insurance,"New York, New York",29311,5272,1919
AMT ,American Tower Corp.,reports,Real Estate,Specialized REITs,"Boston, Massachusetts",39405,1053507,1995
AWK ,American Water Works,reports,Utilities,Water Utilities,"Camden, New Jersey",42433,1410636,1886
AMP ,Ameriprise Financial,reports,Financials,Asset Management & Custody Banks,"Minneapolis, Minnesota",38628,820027,1894
ABC ,AmerisourceBergen,reports,Health Care,Health Care Distributors,"Chesterbrook, Pennsylvania",37133,1140859,1985
AME ,Ametek,reports,Industrials,Electrical Components & Equipment,"Berwyn, Pennsylvania",41540,1037868,1930
AMGN ,Amgen Inc.,reports,Health Care,Biotechnology,"Thousand Oaks, California",33605,318154,1980
APH ,Amphenol Corp,reports,Information Technology,Electronic Components,"Wallingford, Connecticut",39721,820313,1932
ADI ,"Analog Devices, Inc.",reports,Information Technology,Semiconductors,"Norwood, Massachusetts",36445,6281,1965
ANSS ,"ANSYS, Inc.",reports,Information Technology,Application Software,"Canonsburg, Pennsylvania",42905,1013462,1969
ANTM ,Anthem,reports,Health Care,Managed Health Care,"Indianapolis, Indiana",37462,1156039,2014 (1946) 
AON ,Aon plc,reports,Financials,Insurance Brokers,"London, United Kingdom",35178,315293,1982 (1919) 
AOS ,A.O. Smith Corp,reports,Industrials,Building Products,"Milwaukee, Wisconsin",42942,91142,1916
APA ,Apache Corporation,reports,Energy,Oil & Gas Exploration & Production,"Houston, Texas",35639,6769,1954
AAPL ,Apple Inc.,reports,Information Technology,"Technology Hardware, Storage & Peripherals","Cupertino, California",30285,320193,1977
AMAT ,Applied Materials Inc.,reports,Information Technology,Semiconductor Equipment,"Santa Clara, California",34774,6951,1967
APTV ,Aptiv PLC,reports,Consumer Discretionary,Auto Parts & Equipment,"Dublin, Ireland",41267,1521332,1994
ADM ,Archer-Daniels-Midland Co,reports,Consumer Staples,Agricultural Products,"Chicago, Illinois",29796,7084,1902
ANET ,Arista Networks,reports,Information Technology,Communications Equipment,"Santa Clara, California",43340,1596532,2004
AJG ,Arthur J. Gallagher & Co.,reports,Financials,Insurance Brokers,"Rolling Meadows, Illinois",42521,354190,1927
AIZ ,Assurant,reports,Financials,Multi-line Insurance,"New York, New York",39182,1267238,1892
T ,AT&T Inc.,reports,Communication Services,Integrated Telecommunication Services,"Dallas, Texas",1983-11-30 (1957-03-04),732717,1983 (1885) 
ATO ,Atmos Energy,reports,Utilities,Gas Utilities,"Dallas, Texas",43511,731802,1906
ADSK ,Autodesk Inc.,reports,Information Technology,Application Software,"San Rafael, California",32843,769397,1982
ADP ,Automatic Data Processing,reports,Information Technology,Data Processing & Outsourced Services,"Roseland, New Jersey",29676,8670,1949
AZO ,AutoZone Inc,reports,Consumer Discretionary,Specialty Stores,"Memphis, Tennessee",35432,866787,1979
AVB ,AvalonBay Communities,reports,Real Estate,Residential REITs,"Arlington, Virginia[3]",39092,915912,1978
AVY ,Avery Dennison Corp,reports,Materials,Paper Packaging,"Glendale, California",32142,8818,1990
BKR ,Baker Hughes Co,reports,Energy,Oil & Gas Equipment & Services,"Houston, Texas",42923,1701605,2017
BLL ,Ball Corp,reports,Materials,Metal & Glass Containers,"Broomfield, Colorado",30986,9389,1880
BAC ,Bank of America Corp,reports,Financials,Diversified Banks,"Charlotte, North Carolina",27941,70858,1998 (1923 / 1874) 
BK ,The Bank of New York Mellon,reports,Financials,Asset Management & Custody Banks,"New York, New York",34789,1390777,1784
BAX ,Baxter International Inc.,reports,Health Care,Health Care Equipment,"Deerfield, Illinois",26572,10456,1931
BDX ,Becton Dickinson,reports,Health Care,Health Care Equipment,"Franklin Lakes, New Jersey",26572,10795,1897
BRK.B ,Berkshire Hathaway,reports,Financials,Multi-Sector Holdings,"Omaha, Nebraska",40225,1067983,1839
BBY ,Best Buy Co. Inc.,reports,Consumer Discretionary,Computer & Electronics Retail,"Richfield, Minnesota",36340,764478,1966
BIO ,Bio-Rad Laboratories,reports,Health Care,Life Sciences Tools & Services,"Hercules, California",44004,12208,1952
BIIB ,Biogen Inc.,reports,Health Care,Biotechnology,"Cambridge, Massachusetts",37938,875045,1978
BLK ,BlackRock,reports,Financials,Asset Management & Custody Banks,"New York, New York",40637,1364742,1988
BA ,Boeing Company,reports,Industrials,Aerospace & Defense,"Chicago, Illinois",20883,12927,1916
BKNG ,Booking Holdings Inc,reports,Consumer Discretionary,Internet & Direct Marketing Retail,"Norwalk, Connecticut",40123,1075531,1996
BWA ,BorgWarner,reports,Consumer Discretionary,Auto Parts & Equipment,"Auburn Hills, Michigan",40896,908255,1880
BXP ,Boston Properties,reports,Real Estate,Office REITs,"Boston, Massachusetts",38810,1037540,1970
BSX ,Boston Scientific,reports,Health Care,Health Care Equipment,"Marlborough, Massachusetts[4]",34754,885725,1979
BMY ,Bristol-Myers Squibb,reports,Health Care,Health Care Distributors,"New York, New York",20883,14272,1989
AVGO ,Broadcom Inc.,reports,Information Technology,Semiconductors,"San Jose, California",41767,1730168,1961
BR ,Broadridge Financial Solutions,reports,Information Technology,Data Processing & Outsourced Services,"Lake Success, New York",43269,1383312,1962
BF.B ,Brown-Forman Corp.,reports,Consumer Staples,Distillers & Vintners,"Louisville, Kentucky",30255,14693,1870
CHRW ,C. H. Robinson Worldwide,reports,Industrials,Air Freight & Logistics,"Eden Prairie, Minnesota",39143,1043277,1905
COG ,Cabot Oil & Gas,reports,Energy,Oil & Gas Exploration & Production,"Houston, Texas",39622,858470,1989
CDNS ,Cadence Design Systems,reports,Information Technology,Application Software,"San Jose, California",42996,813672,1988
CPB ,Campbell Soup,reports,Consumer Staples,Packaged Foods & Meats,"Camden, New Jersey",20883,16732,1869
COF ,Capital One Financial,reports,Financials,Consumer Finance,"Tysons Corner, Virginia",35977,927628,1935
CAH ,Cardinal Health Inc.,reports,Health Care,Health Care Distributors,"Dublin, Ohio",35577,721371,1971
KMX ,Carmax Inc,reports,Consumer Discretionary,Specialty Stores,"Richmond, Virginia",40357,1170010,1993
CCL ,Carnival Corp.,reports,Consumer Discretionary,"Hotels, Resorts & Cruise Lines","Miami, Florida",36151,815097,1972
CARR ,Carrier Global,reports,Industrials,Building Products,"Palm Beach Gardens, Florida",43924,1783180,2020 (1915) 
CTLT ,Catalent,reports,Health Care,Pharmaceuticals,"Somerset, New Jersey",44095,1596783,2007
CAT ,Caterpillar Inc.,reports,Industrials,Construction Machinery & Heavy Trucks,"Deerfield, Illinois",20883,18230,1925
CBOE ,Cboe Global Markets,reports,Financials,Financial Exchanges & Data,"Chicago, Illinois",42795,1374310,1973
CBRE ,CBRE Group,reports,Real Estate,Real Estate Services,"Dallas, Texas",39031,1138118,1906
CDW ,CDW,reports,Information Technology,Technology Distributors,"Lincolnshire, Illinois",43731,1402057,1984
CE ,Celanese,reports,Materials,Specialty Chemicals,"Irving, Texas",43458,1306830,1918
CNC ,Centene Corporation,reports,Health Care,Managed Health Care,"St. Louis, Missouri",42459,1071739,1984
CNP ,CenterPoint Energy,reports,Utilities,Multi-Utilities,"Houston, Texas",31259,1130310,1882
CERN ,Cerner,reports,Health Care,Health Care Technology,"North Kansas City, Missouri",40298,804753,1979
CF ,CF Industries Holdings Inc,reports,Materials,Fertilizers & Agricultural Chemicals,"Deerfield, Illinois",39687,1324404,1946
SCHW ,Charles Schwab Corporation,reports,Financials,Investment Banking & Brokerage,"Westlake, Texas",35583,316709,1971
CHTR ,Charter Communications,reports,Communication Services,Cable & Satellite,"Stamford, Connecticut",42621,1091667,1993
CVX ,Chevron Corp.,reports,Energy,Integrated Oil & Gas,"San Ramon, California",20883,93410,1879
CMG ,Chipotle Mexican Grill,reports,Consumer Discretionary,Restaurants,"Newport Beach, California",40661,1058090,1993
CB ,Chubb Limited,reports,Financials,Property & Casualty Insurance,"Zurich, Switzerland",40374,896159,1985
CHD ,Church & Dwight,reports,Consumer Staples,Household Products,"Ewing, New Jersey",42367,313927,1847
CI ,Cigna,reports,Health Care,Managed Health Care,"Bloomfield, Connecticut",27941,1739940,1982
CINF ,Cincinnati Financial,reports,Financials,Property & Casualty Insurance,"Fairfield, Ohio",35782,20286,1950
CTAS ,Cintas Corporation,reports,Industrials,Diversified Support Services,"Mason, Ohio",36951,723254,1929
CSCO ,Cisco Systems,reports,Information Technology,Communications Equipment,"San Jose, California",34304,858877,1984
C ,Citigroup Inc.,reports,Financials,Diversified Banks,"New York, New York",32294,831001,1998
CFG ,Citizens Financial Group,reports,Financials,Regional Banks,"Providence, Rhode Island",42398,759944,1828
CTXS ,Citrix Systems,reports,Information Technology,Application Software,"Fort Lauderdale, Florida",36495,877890,1989
CLX ,The Clorox Company,reports,Consumer Staples,Household Products,"Oakland, California",25293,21076,1913
CME ,CME Group Inc.,reports,Financials,Financial Exchanges & Data,"Chicago, Illinois",38940,1156375,1848
CMS ,CMS Energy,reports,Utilities,Multi-Utilities,"Jackson, Michigan",36283,811156,1886
KO ,Coca-Cola Company,reports,Consumer Staples,Soft Drinks,"Atlanta, Georgia",20883,21344,1886
CTSH ,Cognizant Technology Solutions,reports,Information Technology,IT Consulting & Other Services,"Teaneck, New Jersey",39038,1058290,1994
CL ,Colgate-Palmolive,reports,Consumer Staples,Household Products,"New York, New York",20883,21665,1806
CMCSA ,Comcast Corp.,reports,Communication Services,Cable & Satellite,"Philadelphia, Pennsylvania",37579,1166691,1963
CMA ,Comerica Inc.,reports,Financials,Diversified Banks,"Dallas, Texas",35034,28412,1849
CAG ,Conagra Brands,reports,Consumer Staples,Packaged Foods & Meats,"Chicago, Illinois",30559,23217,1919
COP ,ConocoPhillips,reports,Energy,Oil & Gas Exploration & Production,"Houston, Texas",20883,1163165,2002
ED ,Consolidated Edison,reports,Utilities,Electric Utilities,"New York, New York",,1047862,1823
STZ ,Constellation Brands,reports,Consumer Staples,Distillers & Vintners,"Victor, New York",38534,16918,1945
COO ,The Cooper Companies,reports,Health Care,Health Care Supplies,"San Ramon, California",42636,711404,1958
CPRT ,Copart Inc,reports,Industrials,Diversified Support Services,"Dallas, Texas",43283,900075,1982
GLW ,Corning Inc.,reports,Information Technology,Electronic Components,"Corning, New York",,24741,1851
CTVA ,Corteva,reports,Materials,Fertilizers & Agricultural Chemicals,"Wilmington, Delaware",43619,1755672,2019
COST ,Costco Wholesale Corp.,reports,Consumer Staples,Hypermarkets & Super Centers,"Issaquah, Washington",34243,909832,1976
CCI ,Crown Castle,reports,Real Estate,Specialized REITs,"Houston, Texas",40982,1051470,1994
CSX ,CSX Corp.,reports,Industrials,Railroads,"Jacksonville, Florida",24745,277948,1980
CMI ,Cummins Inc.,reports,Industrials,Industrial Machinery,"Columbus, Indiana",23832,26172,1919
CVS ,CVS Health,reports,Health Care,Health Care Services,"Woonsocket, Rhode Island",20883,64803,1996
DHI ,D. R. Horton,reports,Consumer Discretionary,Homebuilding,"Fort Worth, Texas",38525,882184,1978
DHR ,Danaher Corp.,reports,Health Care,Health Care Equipment,"Washington, D.C.",,313616,1969
DRI ,Darden Restaurants,reports,Consumer Discretionary,Restaurants,"Orlando, Florida",,940944,1938
DVA ,DaVita Inc.,reports,Health Care,Health Care Facilities,"Denver, Colorado",39660,927066,1979
DE ,Deere & Co.,reports,Industrials,Agricultural & Farm Machinery,"Moline, Illinois",20883,315189,1837
DAL ,Delta Air Lines Inc.,reports,Industrials,Airlines,"Atlanta, Georgia",41528,27904,1929
XRAY ,Dentsply Sirona,reports,Health Care,Health Care Supplies,"Charlotte, North Carolina",39766,818479,2016 (1969) 
DVN ,Devon Energy,reports,Energy,Oil & Gas Exploration & Production,"Oklahoma City, Oklahoma",36768,1090012,1971
DXCM ,DexCom,reports,Health Care,Health Care Equipment,"San Diego, California",43963,1093557,1999
FANG ,Diamondback Energy,reports,Energy,Oil & Gas Exploration & Production,"Midland, Texas",43437,1539838,2007
DLR ,Digital Realty Trust Inc,reports,Real Estate,Specialized REITs,"Austin, Texas",42508,1297996,2004
DFS ,Discover Financial Services,reports,Financials,Consumer Finance,"Riverwoods, Illinois",39265,1393612,1985
DISCA ,"Discovery, Inc. (Series A)",reports,Communication Services,Broadcasting,"New York, New York",40238,1437107,1985
DISCK ,"Discovery, Inc. (Series C)",reports,Communication Services,Broadcasting,"New York, New York",41858,1437107,1985
DISH ,Dish Network,reports,Communication Services,Cable & Satellite,"Meridian, Colorado",42807,1001082,1980
DG ,Dollar General,reports,Consumer Discretionary,General Merchandise Stores,"Goodlettsville, Tennessee",41246,29534,1939
DLTR ,Dollar Tree,reports,Consumer Discretionary,General Merchandise Stores,"Chesapeake, Virginia",40896,935703,1986
D ,Dominion Energy,reports,Utilities,Electric Utilities,"Richmond, Virginia",,715957,1983
DPZ ,Domino's Pizza,reports,Consumer Discretionary,Restaurants,"Ann Arbor, Michigan",43963,1286681,1960
DOV ,Dover Corporation,reports,Industrials,Industrial Machinery,"Downers Grove, Illinois",31351,29905,1955
DOW ,Dow Inc.,reports,Materials,Commodity Chemicals,"Midland, Michigan",43556,1751788,2019
DTE ,DTE Energy Co.,reports,Utilities,Multi-Utilities,"Detroit, Michigan",20883,936340,1995
DUK ,Duke Energy,reports,Utilities,Electric Utilities,"Charlotte, North Carolina",27941,1326160,1904
DRE ,Duke Realty Corp,reports,Real Estate,Industrial REITs,"Indianapolis, Indiana",42942,783280,1972
DD ,DuPont de Nemours Inc,reports,Materials,Specialty Chemicals,"Wilmington, Delaware",43557,1666700,2017
DXC ,DXC Technology,reports,Information Technology,IT Consulting & Other Services,"Tysons Corner, Virginia",42829,1688568,2017
EMN ,Eastman Chemical,reports,Materials,Diversified Chemicals,"Kingsport, Tennessee",34335,915389,1920
ETN ,Eaton Corporation,reports,Industrials,Electrical Components & Equipment,"Dublin, Ireland",,1551182,1911
EBAY ,eBay Inc.,reports,Consumer Discretionary,Internet & Direct Marketing Retail,"San Jose, California",37459,1065088,1995
ECL ,Ecolab Inc.,reports,Materials,Specialty Chemicals,"St. Paul, Minnesota",32539,31462,1923
EIX ,Edison Int'l,reports,Utilities,Electric Utilities,"Rosemead, California",20883,827052,1886
EW ,Edwards Lifesciences,reports,Health Care,Health Care Equipment,"Irvine, California",40634,1099800,1958
EA ,Electronic Arts,reports,Communication Services,Interactive Home Entertainment,"Redwood City, California",37459,712515,1982
EMR ,Emerson Electric Company,reports,Industrials,Electrical Components & Equipment,"Ferguson, Missouri",23832,32604,1890
ENPH ,Enphase Energy,reports,Information Technology,Semiconductor Equipment,"Fremont, California",44203,1463101,2006
ETR ,Entergy Corp.,reports,Utilities,Electric Utilities,"New Orleans, Louisiana",20883,65984,1913
EOG ,EOG Resources,reports,Energy,Oil & Gas Exploration & Production,"Houston, Texas",36832,821189,1999
EFX ,Equifax Inc.,reports,Industrials,Research & Consulting Services,"Atlanta, Georgia",35600,33185,1899
EQIX ,Equinix,reports,Real Estate,Specialized REITs,"Redwood City, California",42083,1101239,1998
EQR ,Equity Residential,reports,Real Estate,Residential REITs,"Chicago, Illinois",37228,906107,1969
ESS ,"Essex Property Trust, Inc.",reports,Real Estate,Residential REITs,"San Mateo, California",41731,920522,1971
EL ,Estée Lauder Companies,reports,Consumer Staples,Personal Products,"New York, New York",38722,1001250,1946
ETSY ,Etsy,reports,Consumer Discretionary,Internet & Direct Marketing Retail,"Brooklyn, New York",44095,1370637,2005
EVRG ,Evergy,reports,Utilities,Electric Utilities,"Kansas City, Missouri",43256,1711269,1909
ES ,Eversource Energy,reports,Utilities,Multi-Utilities,"Hartford, Connecticut",,72741,1966
RE ,Everest Re Group Ltd.,reports,Financials,Reinsurance,"Hamilton, Bermuda",42905,1095073,1973
EXC ,Exelon Corp.,reports,Utilities,Multi-Utilities,"Chicago, Illinois",20883,1109357,2000
EXPE ,Expedia Group,reports,Consumer Discretionary,Internet & Direct Marketing Retail,"Seattle, Washington",39357,1324424,1996
EXPD ,Expeditors,reports,Industrials,Air Freight & Logistics,"Seattle, Washington",39365,746515,1979
EXR ,Extra Space Storage,reports,Real Estate,Specialized REITs,"Salt Lake City, Utah",42388,1289490,1977
XOM ,Exxon Mobil Corp.,reports,Energy,Integrated Oil & Gas,"Irving, Texas",20883,34088,1999
FFIV ,F5 Networks,reports,Information Technology,Communications Equipment,"Seattle, Washington",40532,1048695,1996
FB ,"Facebook, Inc.",reports,Communication Services,Interactive Media & Services,"Menlo Park, California",41631,1326801,2004
FAST ,Fastenal Co,reports,Industrials,Building Products,"Winona, Minnesota",39706,815556,1967
FRT ,Federal Realty Investment Trust,reports,Real Estate,Retail REITs,"Rockville, Maryland",42401,34903,1962
FDX ,FedEx Corporation,reports,Industrials,Air Freight & Logistics,"Memphis, Tennessee",29586,1048911,1971
FIS ,Fidelity National Information Services,reports,Information Technology,Data Processing & Outsourced Services,"Jacksonville, Florida",39031,1136893,1968
FITB ,Fifth Third Bancorp,reports,Financials,Regional Banks,"Cincinnati, Ohio",,35527,1858
FE ,FirstEnergy Corp,reports,Utilities,Electric Utilities,"Akron, Ohio",,1031296,1997
FRC ,First Republic Bank,reports,Financials,Regional Banks,"San Francisco, California",43467,1132979,1985
FISV ,Fiserv Inc,reports,Information Technology,Data Processing & Outsourced Services,"Brookfield, Wisconsin",36983,798354,1984
FLT ,FleetCor Technologies Inc,reports,Information Technology,Data Processing & Outsourced Services,"Norcross, Georgia",43271,1175454,2000
FLIR ,FLIR Systems,reports,Information Technology,Electronic Equipment & Instruments,"Wilsonville, Oregon",39815,354908,1978
FLS ,Flowserve Corporation,reports,Industrials,Industrial Machinery,"Irving, Texas",39723,30625,1997
FMC ,FMC Corporation,reports,Materials,Fertilizers & Agricultural Chemicals,"Philadelphia, Pennsylvania",40044,37785,1883
F ,Ford Motor Company,reports,Consumer Discretionary,Automobile Manufacturers,"Dearborn, Michigan",20883,37996,1903
FTNT ,Fortinet,reports,Information Technology,Systems Software,"Sunnyvale, California",43384,1262039,2000
FTV ,Fortive Corp,reports,Industrials,Industrial Machinery,"Everett, Washington",42552,1659166,2016
FBHS ,Fortune Brands Home & Security,reports,Industrials,Building Products,"Deerfield, Illinois",42543,1519751,2011 (1969) 
FOXA ,Fox Corporation (Class A),reports,Communication Services,Movies & Entertainment,"New York, New York",41456,1754301,2019
FOX ,Fox Corporation (Class B),reports,Communication Services,Movies & Entertainment,"New York, New York",42265,1754301,2019
BEN ,Franklin Resources,reports,Financials,Asset Management & Custody Banks,"San Mateo, California",,38777,1947
FCX ,Freeport-McMoRan Inc.,reports,Materials,Copper,"Phoenix, Arizona",,831259,1912
GPS ,Gap Inc.,reports,Consumer Discretionary,Apparel Retail,"San Francisco, California",31655,39911,1969
GRMN ,Garmin Ltd.,reports,Consumer Discretionary,Consumer Electronics,"Schaffhausen, Switzerland",41255,1121788,1989
IT ,Gartner Inc,reports,Information Technology,IT Consulting & Other Services,"Stamford, Connecticut",42830,749251,1979
GD ,General Dynamics,reports,Industrials,Aerospace & Defense,"Falls Church, Virginia",20883,40533,1899
GE ,General Electric,reports,Industrials,Industrial Conglomerates,"Boston, Massachusetts",,40545,1892
GIS ,General Mills,reports,Consumer Staples,Packaged Foods & Meats,"Golden Valley, Minnesota",25293,40704,1856
GM ,General Motors,reports,Consumer Discretionary,Automobile Manufacturers,"Detroit, Michigan",41431,1467858,1908
GPC ,Genuine Parts,reports,Consumer Discretionary,Specialty Stores,"Atlanta, Georgia",27029,40987,1925
GILD ,Gilead Sciences,reports,Health Care,Biotechnology,"Foster City, California",38169,882095,1987
GL ,Globe Life Inc.,reports,Financials,Life & Health Insurance,"McKinney, Texas",32628,320335,1900
GPN ,Global Payments Inc.,reports,Information Technology,Data Processing & Outsourced Services,"Atlanta, Georgia",42485,1123360,2000
GS ,Goldman Sachs Group,reports,Financials,Investment Banking & Brokerage,"New York, New York",37459,886982,1869
GWW ,Grainger (W.W.) Inc.,reports,Industrials,Industrial Machinery,"Lake Forest, Illinois",29767,277135,1927
HAL ,Halliburton Co.,reports,Energy,Oil & Gas Equipment & Services,"Houston, Texas",20883,45012,1919
HBI ,Hanesbrands Inc,reports,Consumer Discretionary,"Apparel, Accessories & Luxury Goods","Winston-Salem, North Carolina",42083,1359841,2000
HIG ,Hartford Financial Svc.Gp.,reports,Financials,Property & Casualty Insurance,"Hartford, Connecticut",20883,874766,1810
HAS ,Hasbro Inc.,reports,Consumer Discretionary,Leisure Products,"Pawtucket, Rhode Island",30955,46080,1923
HCA ,HCA Healthcare,reports,Health Care,Health Care Facilities,"Nashville, Tennessee",42031,860730,1968
PEAK ,Healthpeak Properties,reports,Real Estate,Health Care REITs,"Long Beach, California",39538,765880,1985
HSIC ,Henry Schein,reports,Health Care,Health Care Distributors,"Melville, New York",42080,1000228,1932
HSY ,The Hershey Company,reports,Consumer Staples,Packaged Foods & Meats,"Hershey, Pennsylvania",20883,47111,1894
HES ,Hess Corporation,reports,Energy,Integrated Oil & Gas,"New York, New York",30833,4447,1919
HPE ,Hewlett Packard Enterprise,reports,Information Technology,"Technology Hardware, Storage & Peripherals","Houston, Texas ",42310,1645590,2015
HLT ,Hilton Worldwide Holdings Inc,reports,Consumer Discretionary,"Hotels, Resorts & Cruise Lines","Tysons Corner, Virginia",42905,1585689,1919
HFC ,HollyFrontier Corp,reports,Energy,Oil & Gas Refining & Marketing,"Dallas, Texas",43269,48039,1947
HOLX ,Hologic,reports,Health Care,Health Care Equipment,"Marlborough, Massachusetts",42459,859737,1985
HD ,Home Depot,reports,Consumer Discretionary,Home Improvement Retail,"Atlanta, Georgia",32233,354950,1978
HON ,Honeywell Int'l Inc.,reports,Industrials,Industrial Conglomerates,"Morristown, New Jersey",23467,773840,1906
HRL ,Hormel Foods Corp.,reports,Consumer Staples,Packaged Foods & Meats,"Austin, Minnesota",39876,48465,1891
HST ,Host Hotels & Resorts,reports,Real Estate,Hotel & Resort REITs,"Bethesda, Maryland",39161,1070750,1993
HWM ,Howmet Aerospace,reports,Industrials,Aerospace & Defense,"Pittsburgh, Pennsylvania",23467,4281,2016
HPQ ,HP Inc.,reports,Information Technology,"Technology Hardware, Storage & Peripherals","Palo Alto, California",27394,47217,1939 (2015) 
HUM ,Humana Inc.,reports,Health Care,Managed Health Care,"Louisville, Kentucky",,49071,1961
HBAN ,Huntington Bancshares,reports,Financials,Regional Banks,"Columbus, Ohio",,49196,1866
HII ,Huntington Ingalls Industries,reports,Industrials,Aerospace & Defense,"Newport News, Virginia",43103,1501585,2011
IEX ,IDEX Corporation,reports,Industrials,Industrial Machinery,"Lake Forest, Illinois",43686,832101,1988
IDXX ,Idexx Laboratories,reports,Health Care,Health Care Equipment,"Westbrook, Maine",42740,874716,1983
INFO ,IHS Markit,reports,Industrials,Research & Consulting Services,"London, United Kingdom",42888,1598014,1959
ITW ,Illinois Tool Works,reports,Industrials,Industrial Machinery,"Glenview, Illinois",31471,49826,1912
ILMN ,Illumina Inc,reports,Health Care,Life Sciences Tools & Services,"San Diego, California",42327,1110803,1998
INCY ,Incyte,reports,Health Care,Biotechnology,"Wilmington, Delaware",42794,879169,1991
IR ,Ingersoll Rand,reports,Industrials,Industrial Machinery,"Milwaukee, Wisconsin",43893,1699150,1859
INTC ,Intel Corp.,reports,Information Technology,Semiconductors,"Santa Clara, California",28125,50863,1968
ICE ,Intercontinental Exchange,reports,Financials,Financial Exchanges & Data,"Atlanta, Georgia",39351,1571949,2000
IBM ,International Business Machines,reports,Information Technology,IT Consulting & Other Services,"Armonk, New York",20883,51143,1911
IP ,International Paper,reports,Materials,Paper Packaging,"Memphis, Tennessee",20883,51434,1898
IPG ,Interpublic Group,reports,Communication Services,Advertising,"New York, New York",33878,51644,1961 (1930) 
IFF ,International Flavors & Fragrances,reports,Materials,Specialty Chemicals,"New York, New York",27850,51253,1958 (1889) 
INTU ,Intuit Inc.,reports,Information Technology,Application Software,"Mountain View, California",36865,896878,1983
ISRG ,Intuitive Surgical Inc.,reports,Health Care,Health Care Equipment,"Sunnyvale, California",39601,1035267,1995
IVZ ,Invesco Ltd.,reports,Financials,Asset Management & Custody Banks,"Atlanta, Georgia",39681,914208,1935
IPGP ,IPG Photonics Corp.,reports,Information Technology,Electronic Manufacturing Services,"Oxford, Massachusetts",43166,1111928,1990
IQV ,IQVIA Holdings Inc.,reports,Health Care,Life Sciences Tools & Services,"Durham, North Carolina",42976,1478242,1982
IRM ,Iron Mountain Incorporated,reports,Real Estate,Specialized REITs,"Boston, Massachusetts",39819,1020569,1951
JKHY ,Jack Henry & Associates,reports,Information Technology,Data Processing & Outsourced Services,"Monett, Missouri",43417,779152,1976
J ,Jacobs Engineering Group,reports,Industrials,Construction & Engineering,"Dallas, Texas",39381,52988,1947
JBHT ,J. B. Hunt Transport Services,reports,Industrials,Trucking,"Lowell, Arkansas",42186,728535,1961
SJM ,JM Smucker,reports,Consumer Staples,Packaged Foods & Meats,"Orrville, Ohio",39758,91419,1897
JNJ ,Johnson & Johnson,reports,Health Care,Pharmaceuticals,"New Brunswick, New Jersey",26845,200406,1886
JCI ,Johnson Controls International,reports,Industrials,Building Products,"Cork, Ireland",40417,833444,1885
JPM ,JPMorgan Chase & Co.,reports,Financials,Diversified Banks,"New York, New York",27575,19617,2000 (1799 / 1871) 
JNPR ,Juniper Networks,reports,Information Technology,Communications Equipment,"Sunnyvale, California",38870,1043604,1996
KSU ,Kansas City Southern,reports,Industrials,Railroads,"Kansas City, Missouri",41418,54480,1887
K ,Kellogg Co.,reports,Consumer Staples,Packaged Foods & Meats,"Battle Creek, Michigan",,55067,1906
KEY ,KeyCorp,reports,Financials,Regional Banks,"Cleveland, Ohio",34394,91576,1825
KEYS ,Keysight Technologies,reports,Information Technology,Electronic Equipment & Instruments,"Santa Rosa, California",43410,1601046,2014
KMB ,Kimberly-Clark,reports,Consumer Staples,Household Products,"Irving, Texas",20883,55785,1872
KIM ,Kimco Realty,reports,Real Estate,Retail REITs,"New Hyde Park, New York",38811,879101,1958
KMI ,Kinder Morgan,reports,Energy,Oil & Gas Storage & Transportation,"Houston, Texas",41054,1506307,1997
KLAC ,KLA Corporation,reports,Information Technology,Semiconductor Equipment,"Milpitas, California",,319201,1975/1977 (1997) 
KHC ,Kraft Heinz Co,reports,Consumer Staples,Packaged Foods & Meats,"Chicago, Illinois; Pittsburgh, Pennsylvania",42191,1637459,2015 (1869) 
KR ,Kroger Co.,reports,Consumer Staples,Food Retail,"Cincinnati, Ohio",20883,56873,1883
LB ,L Brands Inc.,reports,Consumer Discretionary,Apparel Retail,"Columbus, Ohio",30589,701985,1963
LHX ,L3Harris Technologies,reports,Industrials,Aerospace & Defense,"Melbourne, Florida",39713,202058,2019 (1895) 
LH ,Laboratory Corp. of America Holding,reports,Health Care,Health Care Services,"Burlington, North Carolina",38292,920148,1978
LRCX ,Lam Research,reports,Information Technology,Semiconductor Equipment,"Fremont, California",41089,707549,1980
LW ,Lamb Weston Holdings Inc,reports,Consumer Staples,Packaged Foods & Meats,"Eagle, Idaho",43437,1679273,2016 (1950) 
LVS ,Las Vegas Sands,reports,Consumer Discretionary,Casinos & Gaming,"Las Vegas, Nevada",43741,1300514,1988
LEG ,Leggett & Platt,reports,Consumer Discretionary,Home Furnishings,"Carthage, Missouri",,58492,1883
LDOS ,Leidos Holdings,reports,Information Technology,IT Consulting & Other Services,"Reston, Virginia",43686,1336920,1969
LEN ,Lennar Corp.,reports,Consumer Discretionary,Homebuilding,"Miami, Florida",38629,920760,1954
LLY ,Lilly (Eli) & Co.,reports,Health Care,Pharmaceuticals,"Indianapolis, Indiana",25933,59478,1876
LNC ,Lincoln National,reports,Financials,Multi-line Insurance,"Radnor, Pennsylvania",27941,59558,1905
LIN ,Linde plc,reports,Materials,Industrial Gases,"Guildford, Surrey, United Kingdom",33786,1707925,1879
LYV ,Live Nation Entertainment,reports,Communication Services,Movies & Entertainment,"Beverly Hills, California",43822,1335258,2010
LKQ ,LKQ Corporation,reports,Consumer Discretionary,Distributors,"Chicago, Illinois",42513,1065696,1998
LMT ,Lockheed Martin Corp.,reports,Industrials,Aerospace & Defense,"Bethesda, Maryland",30894,936468,1995
L ,Loews Corp.,reports,Financials,Multi-line Insurance,"New York, New York",,60086,1959
LOW ,Lowe's Cos.,reports,Consumer Discretionary,Home Improvement Retail,"Mooresville, North Carolina",30741,60667,1904/1946/1959 
LUMN ,Lumen Technologies,reports,Communication Services,Alternative Carriers,"Monroe, Louisiana",36244,18926,1983 (1877) 
LYB ,LyondellBasell,reports,Materials,Specialty Chemicals,"Rotterdam, Netherlands",41157,1489393,2007
MTB ,M&T Bank,reports,Financials,Regional Banks,"Buffalo, New York",38040,36270,1856
MRO ,Marathon Oil Corp.,reports,Energy,Oil & Gas Exploration & Production,"Houston, Texas",33359,101778,1887
MPC ,Marathon Petroleum,reports,Energy,Oil & Gas Refining & Marketing,"Findlay, Ohio",40725,1510295,2009 (1887) 
MKTX ,MarketAxess,reports,Financials,Financial Exchanges & Data,"New York, New York",43647,1278021,2000
MAR ,Marriott International,reports,Consumer Discretionary,"Hotels, Resorts & Cruise Lines","Bethesda, Maryland",,1048286,1927
MMC ,Marsh & McLennan,reports,Financials,Insurance Brokers,"New York, New York",32020,62709,1905
MLM ,Martin Marietta Materials,reports,Materials,Construction Materials,"Raleigh, North Carolina",41822,916076,1993
MAS ,Masco Corp.,reports,Industrials,Building Products,"Livonia, Michigan",29767,62996,1929
MA ,Mastercard Inc.,reports,Information Technology,Data Processing & Outsourced Services,"Harrison, New York",39647,1141391,1966
MKC ,McCormick & Co.,reports,Consumer Staples,Packaged Foods & Meats,"Hunt Valley, Maryland",,63754,1889
MXIM ,Maxim Integrated Products,reports,Information Technology,Semiconductors,"San Jose, California",43437,743316,1983
MCD ,McDonald's Corp.,reports,Consumer Discretionary,Restaurants,"Chicago, Illinois",25749,63908,1940
MCK ,McKesson Corp.,reports,Health Care,Health Care Distributors,"Irving, Texas",,927653,1833
MDT ,Medtronic plc,reports,Health Care,Health Care Equipment,"Dublin, Ireland",31716,1613103,1949
MRK ,Merck & Co.,reports,Health Care,Pharmaceuticals,"Kenilworth, New Jersey",20883,310158,1891
MET ,MetLife Inc.,reports,Financials,Life & Health Insurance,"New York, New York",,1099219,1868
MTD ,Mettler Toledo,reports,Health Care,Life Sciences Tools & Services,"Columbus, Ohio",42619,1037646,1945
MGM ,MGM Resorts International,reports,Consumer Discretionary,Casinos & Gaming,"Paradise, Nevada",42942,789570,1986
MCHP ,Microchip Technology,reports,Information Technology,Semiconductors,"Chandler, Arizona",39332,827054,1989
MU ,Micron Technology,reports,Information Technology,Semiconductors,"Boise, Idaho",34604,723125,1978
MSFT ,Microsoft Corp.,reports,Information Technology,Systems Software,"Redmond, Washington",34486,789019,1975
MAA ,Mid-America Apartments,reports,Real Estate,Residential REITs,"Memphis, Tennessee",42706,912595,1977
MHK ,Mohawk Industries,reports,Consumer Discretionary,Home Furnishings,"Calhoun, Georgia",41631,851968,1878
TAP ,Molson Coors Beverage Company,reports,Consumer Staples,Brewers,"Denver, Colorado",27941,24545,"2005 (Molson 1786, Coors 1873) "
MDLZ ,Mondelez International,reports,Consumer Staples,Packaged Foods & Meats,"Chicago, Illinois",41184,1103982,2012
MPWR ,Monolithic Power Systems,reports,Information Technology,Semiconductors,"Kirkland, Washington",44239,1280452,1997
MNST ,Monster Beverage,reports,Consumer Staples,Soft Drinks,"Corona, California",41088,865752,2012 (1935) 
MCO ,Moody's Corp,reports,Financials,Financial Exchanges & Data,"New York, New York",,1059556,1909
MS ,Morgan Stanley,reports,Financials,Investment Banking & Brokerage,"New York, New York",,895421,1935
MOS ,The Mosaic Company,reports,Materials,Fertilizers & Agricultural Chemicals,"Tampa, Florida",40812,1285785,2004 (1865 / 1909) 
MSI ,Motorola Solutions Inc.,reports,Information Technology,Communications Equipment,"Chicago, Illinois",,68505,1928 (2011) 
MSCI ,MSCI Inc,reports,Financials,Financial Exchanges & Data,"New York, New York",43194,1408198,1969
NDAQ ,"Nasdaq, Inc.",reports,Financials,Financial Exchanges & Data,"New York, New York",39743,1120193,1971
NTAP ,NetApp,reports,Information Technology,"Technology Hardware, Storage & Peripherals","Sunnyvale, California",36336,1002047,1992
NFLX ,Netflix Inc.,reports,Communication Services,Movies & Entertainment,"Los Gatos, California",40532,1065280,1997
NWL ,Newell Brands,reports,Consumer Discretionary,Housewares & Specialties,"Atlanta, Georgia",32628,814453,1903
NEM ,Newmont Corporation,reports,Materials,Gold,"Denver, Colorado",25384,1164727,1921
NWSA ,News Corp (Class A),reports,Communication Services,Publishing,"New York, New York",41487,1564708,2013 (1980) 
NWS ,News Corp (Class B),reports,Communication Services,Publishing,"New York, New York",42265,1564708,2013 (1980) 
NEE ,NextEra Energy,reports,Utilities,Multi-Utilities,"Juno Beach, Florida",27941,753308,1984 (1925) 
NLSN ,Nielsen Holdings,reports,Industrials,Research & Consulting Services,"New York, New York",41464,1492633,1923
NKE ,"Nike, Inc.",reports,Consumer Discretionary,"Apparel, Accessories & Luxury Goods","Washington County, Oregon",32477,320187,1964
NI ,NiSource Inc.,reports,Utilities,Multi-Utilities,"Merrillville, Indiana",,1111711,1912
NSC ,Norfolk Southern Corp.,reports,Industrials,Railroads,"Norfolk, Virginia",20883,702165,1881/1894 (1980) 
NTRS ,Northern Trust Corp.,reports,Financials,Asset Management & Custody Banks,"Chicago, Illinois",,73124,1889
NOC ,Northrop Grumman,reports,Industrials,Aerospace & Defense,"West Falls Church, Virginia",31228,1133421,"1994 (Northrop 1939, Grumman 1930) "
NLOK ,NortonLifeLock,reports,Information Technology,Application Software,"Tempe, Arizona",37705,849399,1982
NCLH ,Norwegian Cruise Line Holdings,reports,Consumer Discretionary,"Hotels, Resorts & Cruise Lines","Miami, Florida",43021,1513761,2011 (1966) 
NOV ,NOV Inc.,reports,Energy,Oil & Gas Equipment & Services,"Houston, Texas",38425,1021860,1841
NRG ,NRG Energy,reports,Utilities,Independent Power Producers & Energy Traders,"Princeton, New Jersey",40207,1013871,1992
NUE ,Nucor Corp.,reports,Materials,Steel,"Charlotte, North Carolina",31167,73309,1940
NVDA ,Nvidia Corporation,reports,Information Technology,Semiconductors,"Santa Clara, California",37225,1045810,1993
NVR ,"NVR, Inc.",reports,Consumer Discretionary,Homebuilding,"Reston, Virginia",43734,906163,1980
ORLY ,O'Reilly Automotive,reports,Consumer Discretionary,Specialty Stores,"Springfield, Missouri",39899,898173,1957
OXY ,Occidental Petroleum,reports,Energy,Oil & Gas Exploration & Production,"Houston, Texas",30316,797468,1920
ODFL ,Old Dominion Freight Line,reports,Industrials,Trucking,"Thomasville, North Carolina",43808,878927,1934
OMC ,Omnicom Group,reports,Communication Services,Advertising,"New York, New York",,29989,1986
OKE ,Oneok,reports,Energy,Oil & Gas Storage & Transportation,"Tulsa, Oklahoma",40252,1039684,1906
ORCL ,Oracle Corp.,reports,Information Technology,Application Software,"Austin, Texas",32751,1341439,1977
OTIS ,Otis Worldwide,reports,Industrials,Industrial Machinery,"Farmington, Connecticut",43924,1781335,2020 (1853) 
PCAR ,Paccar,reports,Industrials,Construction Machinery & Heavy Trucks,"Bellevue, Washington",29586,75362,1905
PKG ,Packaging Corporation of America,reports,Materials,Paper Packaging,"Lake Forest, Illinois",42942,75677,1959
PH ,Parker-Hannifin,reports,Industrials,Industrial Machinery,"Cleveland, Ohio",31381,76334,1917
PAYX ,Paychex Inc.,reports,Information Technology,Data Processing & Outsourced Services,"Penfield, New York",,723531,1971
PAYC ,Paycom,reports,Information Technology,Application Software,"Oklahoma City, Oklahoma",43858,1590955,1998
PYPL ,PayPal,reports,Information Technology,Data Processing & Outsourced Services,"San Jose, California",42205,1633917,1998
PNR ,Pentair plc,reports,Industrials,Industrial Machinery,"Worsley, UK",41183,77360,1966
PBCT ,People's United Financial,reports,Financials,Thrifts & Mortgage Finance,"Bridgeport, Connecticut",39765,1378946,1842
PEP ,PepsiCo Inc.,reports,Consumer Staples,Soft Drinks,"Purchase, New York",20883,77476,1898
PKI ,PerkinElmer,reports,Health Care,Health Care Equipment,"Waltham, Massachusetts",31198,31791,1937
PRGO ,Perrigo,reports,Health Care,Pharmaceuticals,"Dublin, Ireland",40896,1585364,2013 (1887) 
PFE ,Pfizer Inc.,reports,Health Care,Pharmaceuticals,"New York, New York",20883,78003,1849
PM ,Philip Morris International,reports,Consumer Staples,Tobacco,"New York, New York",39538,1413329,2008 (1847) 
PSX ,Phillips 66,reports,Energy,Oil & Gas Refining & Marketing,"Houston, Texas",41030,1534701,2012 (1917) 
PNW ,Pinnacle West Capital,reports,Utilities,Multi-Utilities,"Phoenix, Arizona",,764622,1985
PXD ,Pioneer Natural Resources,reports,Energy,Oil & Gas Exploration & Production,"Irving, Texas",39715,1038357,1997
PNC ,PNC Financial Services,reports,Financials,Regional Banks,"Pittsburgh, Pennsylvania",32263,713676,1845
POOL ,Pool Corporation,reports,Consumer Discretionary,Distributors,"Covington, Louisiana",44111,945841,1993
PPG ,PPG Industries,reports,Materials,Specialty Chemicals,"Pittsburgh, Pennsylvania",20883,79879,1883
PPL ,PPL Corp.,reports,Utilities,Electric Utilities,"Allentown, Pennsylvania",,922224,1920
PFG ,Principal Financial Group,reports,Financials,Life & Health Insurance,"Des Moines, Iowa",37459,1126328,1879
PG ,Procter & Gamble,reports,Consumer Staples,Personal Products,"Cincinnati, Ohio",20883,80424,1837
PGR ,Progressive Corp.,reports,Financials,Property & Casualty Insurance,"Mayfield Village, Ohio",35646,80661,1937
PLD ,Prologis,reports,Real Estate,Industrial REITs,"San Francisco, California",37819,1045609,1983
PRU ,Prudential Financial,reports,Financials,Life & Health Insurance,"Newark, New Jersey",37459,1137774,1875
PEG ,Public Service Enterprise Group (PSEG),reports,Utilities,Electric Utilities,"Newark, New Jersey",20883,788784,1903
PSA ,Public Storage,reports,Real Estate,Specialized REITs,"Glendale, California",38583,1393311,1972
PHM ,PulteGroup,reports,Consumer Discretionary,Homebuilding,"Atlanta, Georgia",30802,822416,1956
PVH ,PVH Corp.,reports,Consumer Discretionary,"Apparel, Accessories & Luxury Goods","New York, New York",41320,78239,1881
QRVO ,Qorvo,reports,Information Technology,Semiconductors,"Greensboro, North Carolina",42166,1604778,2015
PWR ,Quanta Services Inc.,reports,Industrials,Construction & Engineering,"Houston, Texas",39995,1050915,1997
QCOM ,Qualcomm,reports,Information Technology,Semiconductors,"San Diego, California",,804328,1985
DGX ,Quest Diagnostics,reports,Health Care,Health Care Services,"Secaucus, New Jersey",37602,1022079,1967
RL ,Ralph Lauren Corporation,reports,Consumer Discretionary,"Apparel, Accessories & Luxury Goods","New York, New York",39115,1037038,1967
RJF ,Raymond James Financial,reports,Financials,Investment Banking & Brokerage,"St. Petersburg, Florida",42814,720005,1962
RTX ,Raytheon Technologies,reports,Industrials,Aerospace & Defense,"Waltham, Massachusetts",,101829,1922
O ,Realty Income Corporation,reports,Real Estate,Retail REITs,"San Diego, California",42101,726728,1969
REG ,Regency Centers Corporation,reports,Real Estate,Retail REITs,"Jacksonville, Florida",42796,910606,1963
REGN ,Regeneron Pharmaceuticals,reports,Health Care,Biotechnology,"Tarrytown, New York",41395,872589,1988
RF ,Regions Financial Corp.,reports,Financials,Regional Banks,"Birmingham, Alabama",36035,1281761,1971
RSG ,Republic Services Inc,reports,Industrials,Environmental & Facilities Services,"Phoenix, Arizona",39787,1060391,1998 (1981) 
RMD ,ResMed,reports,Health Care,Health Care Equipment,"San Diego, California",42942,943819,1989
RHI ,Robert Half International,reports,Industrials,Human Resource & Employment Services,"Menlo Park, California",36865,315213,1948
ROK ,Rockwell Automation Inc.,reports,Industrials,Electrical Components & Equipment,"Milwaukee, Wisconsin",,1024478,1903
ROL ,"Rollins, Inc.",reports,Industrials,Environmental & Facilities Services,"Atlanta, Georgia",43374,84839,1948
ROP ,Roper Technologies,reports,Industrials,Industrial Conglomerates,"Sarasota, Florida",40170,882835,1981
ROST ,Ross Stores,reports,Consumer Discretionary,Apparel Retail,"Dublin, California",40168,745732,1982
RCL ,Royal Caribbean Group,reports,Consumer Discretionary,"Hotels, Resorts & Cruise Lines","Miami, Florida",41978,884887,1997
SPGI ,S&P Global Inc.,reports,Financials,Financial Exchanges & Data,"New York, New York",,64040,1917
CRM ,Salesforce.com,reports,Information Technology,Application Software,"San Francisco, California",39706,1108524,1999
SBAC ,SBA Communications,reports,Real Estate,Specialized REITs,"Boca Raton, Florida",42979,1034054,1989
SLB ,Schlumberger Ltd.,reports,Energy,Oil & Gas Equipment & Services,"Curaçao, Kingdom of the Netherlands",23832,87347,1926
STX ,Seagate Technology,reports,Information Technology,"Technology Hardware, Storage & Peripherals","Dublin, Ireland",41092,1137789,1979
SEE ,Sealed Air,reports,Materials,Paper Packaging,"Charlotte, North Carolina",20883,1012100,1960
SRE ,Sempra Energy,reports,Utilities,Multi-Utilities,"San Diego, California",,1032208,1998
NOW ,ServiceNow,reports,Information Technology,Systems Software,"Santa Clara, California",43790,1373715,2003
SHW ,Sherwin-Williams,reports,Materials,Specialty Chemicals,"Cleveland, Ohio",23558,89800,1866
SPG ,Simon Property Group Inc,reports,Real Estate,Retail REITs,"Indianapolis, Indiana",37433,1063761,2003
SWKS ,Skyworks Solutions,reports,Information Technology,Semiconductors,"Woburn, Massachusetts",42075,4127,2002
SLG ,SL Green Realty,reports,Real Estate,Office REITs,"New York, New York",42083,1040971,1997
SNA ,Snap-on,reports,Industrials,Industrial Machinery,"Kenosha, Wisconsin",30224,91440,1920
SO ,Southern Company,reports,Utilities,Electric Utilities,"Atlanta, Georgia",20883,92122,1945
LUV ,Southwest Airlines,reports,Industrials,Airlines,"Dallas, Texas",34516,92380,1967
SWK ,Stanley Black & Decker,reports,Industrials,Industrial Machinery,"New Britain, Connecticut",30224,93556,1843
SBUX ,Starbucks Corp.,reports,Consumer Discretionary,Restaurants,"Seattle, Washington",,829224,1971
STT ,State Street Corp.,reports,Financials,Asset Management & Custody Banks,"Boston, Massachusetts",,93751,1792
STE ,Steris,reports,Health Care,Health Care Equipment,"Dublin, Ireland",43822,1757898,1985
SYK ,Stryker Corp.,reports,Health Care,Health Care Equipment,"Kalamazoo, Michigan",36872,310764,1941
SIVB ,SVB Financial,reports,Financials,Regional Banks,"Santa Clara, California",43178,719739,1983
SYF ,Synchrony Financial,reports,Financials,Consumer Finance,"Stamford, Connecticut",42326,1601712,2003
SNPS ,Synopsys Inc.,reports,Information Technology,Application Software,"Mountain View, California",42810,883241,1986
SYY ,Sysco Corp.,reports,Consumer Staples,Food Distributors,"Houston, Texas",31777,96021,1969
TMUS ,T-Mobile US,reports,Communication Services,Wireless Telecommunication Services,"Bellevue, Washington",43661,1283699,1994
TROW ,T. Rowe Price Group,reports,Financials,Asset Management & Custody Banks,"Baltimore, Maryland",,1113169,1937
TTWO ,Take-Two Interactive,reports,Communication Services,Interactive Home Entertainment,"New York, New York",43178,946581,1993
TPR ,"Tapestry, Inc.",reports,Consumer Discretionary,"Apparel, Accessories & Luxury Goods","New York, New York",,1116132,2017
TGT ,Target Corp.,reports,Consumer Discretionary,General Merchandise Stores,"Minneapolis, Minnesota",28125,27419,1902
TEL ,TE Connectivity Ltd.,reports,Information Technology,Electronic Manufacturing Services,"Schaffhausen, Switzerland",40833,1385157,2007
TDY ,Teledyne Technologies,reports,Industrials,Aerospace & Defense,"Thousand Oaks, California",44004,1094285,1960
TFX ,Teleflex,reports,Health Care,Health Care Equipment,"Wayne, Pennsylvania",43483,96943,1943
TER ,Teradyne,reports,Information Technology,Semiconductor Equipment,"North Reading, Massachusetts",44095,97210,1960
TSLA ,"Tesla, Inc.",reports,Consumer Discretionary,Automobile Manufacturers,"Palo Alto, California",44186,1318605,2003
TXN ,Texas Instruments,reports,Information Technology,Semiconductors,"Dallas, Texas",,97476,1930
TXT ,Textron Inc.,reports,Industrials,Aerospace & Defense,"Providence, Rhode Island",28855,217346,1923
TMO ,Thermo Fisher Scientific,reports,Health Care,Life Sciences Tools & Services,"Waltham, Massachusetts",38202,97745,2006 (1902) 
TJX ,TJX Companies Inc.,reports,Consumer Discretionary,Apparel Retail,"Framingham, Massachusetts",31320,109198,1987
TSCO ,Tractor Supply Company,reports,Consumer Discretionary,Specialty Stores,"Brentwood, Tennessee",41663,916365,1938
TT ,Trane Technologies plc,reports,Industrials,Building Products,"Dublin, Ireland",40499,1466258,1871
TDG ,TransDigm Group,reports,Industrials,Aerospace & Defense,"Cleveland, Ohio",42524,1260221,1993
TRV ,The Travelers Companies,reports,Financials,Property & Casualty Insurance,"New York, New York",37489,86312,1853
TRMB ,Trimble Inc.,reports,Information Technology,Electronic Equipment & Instruments,"Sunnyvale, California",44217,864749,1978
TFC ,Truist Financial,reports,Financials,Regional Banks,"Charlotte, North Carolina",35768,92230,1872
TWTR ,"Twitter, Inc.",reports,Communication Services,Interactive Media & Services,"San Francisco, California",43258,1418091,2006
TYL ,Tyler Technologies,reports,Information Technology,Application Software,"Plano, Texas",44004,860731,1966
TSN ,Tyson Foods,reports,Consumer Staples,Packaged Foods & Meats,"Springdale, Arkansas",,100493,1935
UDR ,"UDR, Inc.",reports,Real Estate,Residential REITs,"Highlands Ranch, Colorado",42436,74208,1972
ULTA ,Ulta Beauty,reports,Consumer Discretionary,Specialty Stores,"Bolingbrook, Illinois",42478,1403568,1990
USB ,U.S. Bancorp,reports,Financials,Diversified Banks,"Minneapolis, Minnesota",,36104,1968
UAA ,Under Armour (Class A),reports,Consumer Discretionary,"Apparel, Accessories & Luxury Goods","Baltimore, Maryland",41760,1336917,1996
UA ,Under Armour (Class C),reports,Consumer Discretionary,"Apparel, Accessories & Luxury Goods","Baltimore, Maryland",42468,1336917,1996
UNP ,Union Pacific Corp,reports,Industrials,Railroads,"Omaha, Nebraska",20883,100885,1862
UAL ,United Airlines Holdings,reports,Industrials,Airlines,"Chicago, Illinois",42250,100517,1967
UNH ,UnitedHealth Group Inc.,reports,Health Care,Managed Health Care,"Minnetonka, Minnesota",34516,731766,1977
UPS ,United Parcel Service,reports,Industrials,Air Freight & Logistics,"Atlanta, Georgia",37459,1090727,1907
URI ,"United Rentals, Inc.",reports,Industrials,Trading Companies & Distributors,"Stamford, Connecticut",41902,1067701,1997
UHS ,Universal Health Services,reports,Health Care,Health Care Facilities,"King of Prussia, Pennsylvania",41902,352915,1979
UNM ,Unum Group,reports,Financials,Life & Health Insurance,"Chattanooga, Tennessee",34394,5513,1999
VLO ,Valero Energy,reports,Energy,Oil & Gas Refining & Marketing,"San Antonio, Texas",,1035002,1980
VAR ,Varian Medical Systems,reports,Health Care,Health Care Equipment,"Palo Alto, California",39125,203527,1948
VTR ,Ventas Inc,reports,Real Estate,Health Care REITs,"Chicago, Illinois",39876,740260,1998
VRSN ,Verisign Inc.,reports,Information Technology,Internet Services & Infrastructure,"Dulles, Virginia",38749,1014473,1995
VRSK ,Verisk Analytics,reports,Industrials,Research & Consulting Services,"Jersey City, New Jersey",42285,1442145,1971
VZ ,Verizon Communications,reports,Communication Services ,Integrated Telecommunication Services,"New York, New York",30650,732712,1983 (1877) 
VRTX ,Vertex Pharmaceuticals Inc,reports,Health Care,Biotechnology,"Cambridge, Massachusetts",41540,875320,1989
VFC ,VF Corporation,reports,Consumer Discretionary,"Apparel, Accessories & Luxury Goods","Denver, Colorado",29036,103379,1899
VIAC ,ViacomCBS,reports,Communication Services,Movies & Entertainment,"New York, New York",,813828,2019 (1952) 
VTRS ,Viatris,reports,Health Care,Pharmaceuticals,"Pittsburgh, Pennsylvania",38100,1792044,1961
V ,Visa Inc.,reports,Information Technology,Data Processing & Outsourced Services,"San Francisco, California",40168,1403161,1958
VNT ,Vontier,reports,Information Technology,Electronic Equipment & Instruments,"Raleigh, North Carolina",44113,1786842,2019
VNO ,Vornado Realty Trust,reports,Real Estate,Office REITs,"New York, New York",,899689,1982
VMC ,Vulcan Materials,reports,Materials,Construction Materials,"Birmingham, Alabama",36341,1396009,1909
WRB ,W. R. Berkley Corporation,reports,Financials,Property & Casualty Insurance,"Greenwich, Connecticut",43804,11544,1967
WAB ,Westinghouse Air Brake Technologies Corp,reports,Industrials,Construction Machinery & Heavy Trucks,"Wilmerding, Pennsylvania",43523,943452,1999 (1869) 
WMT ,Walmart,reports,Consumer Staples,Hypermarkets & Super Centers,"Bentonville, Arkansas",30194,104169,1962
WBA ,Walgreens Boots Alliance,reports,Consumer Staples,Drug Retail,"Deerfield, Illinois",29220,1618921,2014
DIS ,The Walt Disney Company,reports,Communication Services,Movies & Entertainment,"Burbank, California",27941,1744489,1923
WM ,Waste Management Inc.,reports,Industrials,Environmental & Facilities Services,"Houston, Texas",,823768,1968
WAT ,Waters Corporation,reports,Health Care,Health Care Distributors,"Milford, Massachusetts",,1000697,1958
WEC ,WEC Energy Group,reports,Utilities,Electric Utilities,"Milwaukee, Wisconsin",39752,783325,1896
WFC ,Wells Fargo,reports,Financials,Diversified Banks,"San Francisco, California",27941,72971,1852
WELL ,Welltower Inc.,reports,Real Estate,Health Care REITs,"Toledo, Ohio",39843,766704,1970
WST ,West Pharmaceutical Services,reports,Health Care,Health Care Supplies,"Exton, Pennsylvania",43973,105770,1923
WDC ,Western Digital,reports,Information Technology,"Technology Hardware, Storage & Peripherals","San Jose, California",39995,106040,1970
WU ,Western Union Co,reports,Information Technology,Data Processing & Outsourced Services,"Englewood, Colorado",38989,1365135,1851
WRK ,WestRock,reports,Materials,Paper Packaging,"Atlanta, Georgia",,1732845,2015
WY ,Weyerhaeuser,reports,Real Estate,Specialized REITs,"Federal Way, Washington",,106535,1900
WHR ,Whirlpool Corp.,reports,Consumer Discretionary,Household Appliances,"Benton Harbor, Michigan",,106640,1911
WMB ,Williams Companies,reports,Energy,Oil & Gas Storage & Transportation,"Tulsa, Oklahoma",27484,107263,1908
WLTW ,Willis Towers Watson,reports,Financials,Insurance Brokers,"London, United Kingdom",42374,1140536,2016
WYNN ,Wynn Resorts Ltd,reports,Consumer Discretionary,Casinos & Gaming,"Paradise, Nevada",39766,1174922,2002
XEL ,Xcel Energy Inc,reports,Utilities,Multi-Utilities,"Minneapolis, Minnesota",20883,72903,1909
XRX ,Xerox,reports,Information Technology,"Technology Hardware, Storage & Peripherals","Norwalk, Connecticut",,1770450,2017 (1906) 
XLNX ,Xilinx,reports,Information Technology,Semiconductors,"San Jose, California",36472,743988,1984
XYL ,Xylem Inc.,reports,Industrials,Industrial Machinery,"White Plains, New York",40848,1524472,2011
YUM ,Yum! Brands Inc,reports,Consumer Discretionary,Restaurants,"Louisville, Kentucky",35709,1041061,1997
ZBRA ,Zebra Technologies,reports,Information Technology,Electronic Equipment & Instruments,"Lincolnshire, Illinois",43822,877212,1969
ZBH ,Zimmer Biomet,reports,Health Care,Health Care Equipment,"Warsaw, Indiana",37110,1136869,1927
ZION ,Zions Bancorp,reports,Financials,Regional Banks,"Salt Lake City, Utah",37064,109380,1873
ZTS ,Zoetis,reports,Health Care,Pharmaceuticals,"Florham Park, New Jersey",41446,1555280,1952
